No,specific_gravity,ph_level,osmolality,conductivity,urea_concentration,calcium_concentration,kidney_stone
0,1.021,4.91,725,14.0,443,2.45,0
1,1.017,5.74,577,20.0,296,4.49,0
2,1.008,7.2,321,14.9,101,2.36,0
3,1.011,5.51,408,12.6,224,2.15,0
4,1.005,6.52,187,7.5,91,1.16,0
5,1.02,5.27,668,25.3,252,3.34,0
6,1.012,5.62,461,17.4,195,1.4,0
7,1.029,5.67,1107,35.9,550,8.48,0
8,1.015,5.41,543,21.9,170,1.16,0
9,1.021,6.13,779,25.7,382,2.21,0
10,1.011,6.19,345,11.5,152,1.93,0
11,1.025,5.53,907,28.4,448,1.27,0
12,1.006,7.12,242,11.3,64,1.03,0
13,1.007,5.35,283,9.9,147,1.47,0
14,1.011,5.21,450,17.9,161,1.53,0
15,1.018,4.9,684,26.1,284,5.09,0
16,1.007,6.63,253,8.4,133,1.05,0
17,1.025,6.81,947,32.6,395,2.03,0
18,1.008,6.88,395,26.1,95,7.68,0
19,1.014,6.14,565,23.6,214,1.45,0
20,1.024,6.3,874,29.9,380,5.16,0
21,1.019,5.47,760,33.8,199,0.81,0
22,1.014,7.38,577,30.1,87,1.32,0
23,1.02,5.96,631,11.2,422,1.55,0
24,1.023,5.68,749,29.0,239,1.52,0
25,1.017,6.76,455,8.8,270,0.77,0
26,1.017,7.61,527,25.8,75,2.17,0
27,1.01,6.61,225,9.8,72,0.17,0
28,1.008,5.87,241,5.1,159,0.83,0
29,1.02,5.44,781,29.0,349,3.04,0
30,1.017,7.92,680,25.3,282,1.06,0
31,1.019,5.98,579,15.5,297,3.93,0
32,1.017,6.56,559,15.8,317,5.38,0
33,1.008,5.94,256,8.1,130,3.53,0
34,1.023,5.85,970,38.0,362,4.54,0
35,1.02,5.66,702,23.6,330,3.98,0
36,1.008,6.4,341,14.6,125,1.02,0
37,1.02,6.35,704,24.5,260,3.46,0
38,1.009,6.37,325,12.2,97,1.19,0
39,1.018,6.18,694,23.3,311,5.64,0
40,1.021,5.33,815,26.0,385,2.66,0
41,1.009,5.64,386,17.7,104,1.22,0
42,1.015,6.79,541,20.9,187,2.64,0
43,1.01,5.97,343,13.4,126,2.31,0
44,1.02,5.68,876,35.8,308,4.49,0
45,1.021,5.94,774,27.9,325,6.96,1
46,1.024,5.77,698,19.5,354,13.0,1
47,1.024,5.6,866,29.5,360,5.54,1
48,1.021,5.53,775,31.2,302,6.19,1
49,1.024,5.36,853,27.6,364,7.31,1
50,1.013,5.86,531,21.4,197,4.74,1
51,1.01,6.27,371,11.2,188,2.5,1
52,1.011,7.01,443,21.4,124,1.27,1
53,1.022,6.21,442,20.6,398,4.18,1
54,1.011,6.13,364,10.9,159,3.1,1
55,1.031,5.73,874,17.4,516,3.01,1
56,1.02,7.94,567,19.7,212,6.81,1
57,1.021,5.56,658,23.6,224,2.33,1
58,1.025,5.71,854,27.0,385,7.18,1
59,1.026,6.19,956,27.6,473,5.67,1
60,1.034,5.24,1236,27.3,620,12.68,1
61,1.033,5.58,1032,29.1,430,8.94,1
62,1.015,5.98,487,14.8,198,3.16,1
63,1.013,5.58,516,20.8,184,3.3,1
64,1.014,5.9,456,17.8,164,6.99,1
65,1.012,6.75,251,5.1,141,0.65,1
66,1.025,6.9,945,33.6,396,4.18,1
67,1.026,6.29,833,22.2,457,4.45,1
68,1.028,4.76,312,12.4,10,0.27,1
69,1.027,5.4,840,24.5,395,7.64,1
70,1.018,5.14,703,29.0,272,6.63,1
71,1.022,5.09,736,19.8,418,8.53,1
72,1.025,7.9,721,23.6,301,9.04,1
73,1.017,4.81,410,13.3,195,0.58,1
74,1.024,5.4,803,21.8,394,7.82,1
75,1.016,6.81,594,21.4,255,12.2,1
76,1.015,6.03,416,12.8,178,9.39,1
77,1.0205692489798974,5.6841996581252685,283,9.00971984707816,70,0.44648033672743825,1
78,1.0263342822832566,5.4,831,23.90085405493105,394,7.679943063004597,1
79,1.0138597392023285,5.932493072954678,538,20.971947840465695,204,5.850559633574496,1
80,1.019770691986664,5.563940090533577,377,12.65320947733341,116,6.0431760832017485,1
81,1.0110146704744565,7.004571924451066,443,21.382395430652107,124,1.297971704630541,1
82,1.013026491050996,6.741787949132851,427,20.327151796531403,110,1.1507946440590446,1
83,1.0257792609244778,6.0840452437493635,933,27.467556554686706,453,6.003316004038462,1
84,1.0120108827124443,6.762333735451114,436,19.226602168244472,137,3.3220919062621954,1
85,1.021451668960441,5.556081383625106,756,24.24148142042748,367,7.669120267892451,1
86,1.0165008642463607,6.900256804632881,549,20.549790111598124,204,5.775255569995222,1
87,1.032754137158601,5.443490930761822,1085,23.18865262338361,576,8.664168774557528,1
88,1.0238703313269866,5.106433316458359,325,12.12468875513243,50,0.7816200633789011,1
89,1.0137225503259255,6.308943291074138,472,16.907791962222635,174,2.5564050289998823,1
